Theta 0,Theta 1
0.9390796838601926,-1.0029442504079455
